,study_id,max_trials,evalution_metric
0,model_20211021-140355-3d2e0e259d,15,mean_absolute_error
1,model_20211021-135438-890d102b23,15,mean_absolute_error
2,model_20211021-134850-8bf5efc072,15,mean_absolute_error
3,model_20211021-133222-d6af00a93f,15,mean_absolute_error
4,model_20211021-000732-e151852a33,15,mean_absolute_error
5,model_20211021-000023-c68bb9d0dc,15,mean_absolute_error
6,model_20211020-235536-2e18d86fcf,15,mean_absolute_error
7,model_20211020-235232-65640a464b,15,mean_absolute_error
8,model_20211019-134614-272c95f184,15,mean_absolute_error
9,model_20211019-134126-df4ef9bf38,15,mean_absolute_error
10,model_20211019-133802-4cc0c6ed1c,15,mean_absolute_error
11,model_20211019-133446-27a4c0eb6c,15,mean_absolute_error
12,model_20211019-061349-c624eb9602,15,mean_absolute_error
13,model_20211019-061005-03ae8dfb25,15,mean_absolute_error
14,model_20211019-055846-bacbc606a4,15,mean_absolute_error
15,model_20211019-055227-b17360d3fd,15,mean_absolute_error
16,model_20211019-044405-5ba64738a8,15,mean_absolute_error
17,model_20211019-043726-52a515b977,15,mean_absolute_error
18,model_20211019-042951-8a70922e41,15,mean_absolute_error
19,model_20211019-042823-c43e0f823f,15,mean_absolute_error
20,model_20211016-133752-064b23852b,15,mean_absolute_error
21,model_20211016-133415-0d5b9e5e52,15,mean_absolute_error
22,model_20211016-133139-d5ed2954ea,15,mean_absolute_error
23,model_20211016-133044-ca5dcdef46,15,mean_absolute_error
24,model_20211015-135626-221c5d2749,15,mean_absolute_error
25,model_20211015-133418-6d113953a3,15,mean_absolute_error
26,model_20211014-140715-f3281a35d4,15,mean_absolute_error
27,model_20211014-135250-0768f0f922,15,mean_absolute_error
28,model_20211014-135032-87a3e7c158,15,mean_absolute_error
29,model_20211014-135010-aa2c36244e,15,mean_absolute_error
30,model_20211014-133647-1ab11b63b0,15,mean_absolute_error
31,model_20211014-133641-cb92886acb,15,mean_absolute_error
32,model_20211014-133613-6f6c7b4041,15,mean_absolute_error
33,model_20211014-133550-766daf359d,15,mean_absolute_error
34,model_20211014-050134-05e11882b6,15,mean_absolute_error
35,model_20211014-011652-643e86c3db,15,mean_absolute_error
36,model_20211013-135021-71682266e0,15,mean_absolute_error
37,model_20211013-133759-8ec72ab190,15,mean_absolute_error
38,model_20211013-133241-99157e7c9e,15,mean_absolute_error
39,model_20211013-133138-2222cf12e3,15,mean_absolute_error
40,model_20211013-133002-c339e00a35,15,mean_absolute_error
41,model_20211013-132917-1f76c7aab1,15,mean_absolute_error
42,model_20211013-132904-05645dc8d3,15,mean_absolute_error
43,model_20211012-133436-67e77105cb,15,mean_absolute_error
44,model_20211012-133345-a2f29e4ebd,15,mean_absolute_error
45,model_20211012-133248-9e76a0fb84,15,mean_absolute_error
46,model_20211012-133158-70106bfe4e,15,mean_absolute_error
47,model_20211012-133013-33129314b0,15,mean_absolute_error
48,model_20211012-132940-1dc99e7e9e,15,mean_absolute_error
49,model_20211012-132923-9b9e69a323,15,mean_absolute_error
50,model_20211012-132634-d35871f43f,15,mean_absolute_error
51,model_20211012-015558-cc5e0cc7af,15,mean_absolute_error
52,model_20211012-014731-e85ecb8804,15,mean_absolute_error
53,model_20211011-224203-a1b749855e,15,mean_absolute_error
54,model_20211011-224101-bbdaac07ea,15,mean_absolute_error
55,model_20211011-223703-bfac710631,15,mean_absolute_error
56,model_20211011-223637-fdae49df21,15,mean_absolute_error
57,model_20211011-223609-d0593f4dee,15,mean_absolute_error
58,model_20211011-223349-526c3abad7,15,mean_absolute_error
59,model_20211010-133105-8f6356ccb6,15,mean_absolute_error
60,model_20211010-133016-c63b82e4eb,15,mean_absolute_error
61,model_20211010-132953-4d687b74d7,15,mean_absolute_error
62,model_20211010-132949-b742594a2d,15,mean_absolute_error
63,model_20211010-132947-fb39b046c9,15,mean_absolute_error
64,model_20211010-132902-08aa0901ef,15,mean_absolute_error
65,model_20211010-132352-7fc29d26b3,15,mean_absolute_error
66,model_20211009-132914-22fe673db0,15,mean_absolute_error
67,model_20211009-132913-0ef4244e42,15,mean_absolute_error
68,model_20211009-132749-235f89d140,15,mean_absolute_error
69,model_20211009-132749-28c2841f91,15,mean_absolute_error
70,model_20211009-132601-58123f971e,15,mean_absolute_error
71,model_20211009-132551-9e0732ee24,15,mean_absolute_error
72,model_20211009-132521-3644cf09bb,15,mean_absolute_error
73,model_20211009-132315-a00db3e4eb,15,mean_absolute_error
74,model_20211008-133141-838cef748b,15,mean_absolute_error
75,model_20211008-132752-f6d680732a,15,mean_absolute_error
76,model_20211008-132404-4fd6a9bb51,15,mean_absolute_error
77,model_20211008-132334-28edd0e5c7,15,mean_absolute_error
78,model_20211007-133211-dfc9abf36d,15,mean_absolute_error
79,model_20211007-133038-ef0d0c7457,15,mean_absolute_error
80,model_20211007-132948-5d18f7a69c,15,mean_absolute_error
81,model_20211007-132823-f6868f9e6e,15,mean_absolute_error
82,model_20211007-132651-4a13852b87,15,mean_absolute_error
83,model_20211007-132524-d9129f449e,15,mean_absolute_error
84,model_20211007-132519-1089ad53cf,15,mean_absolute_error
85,model_20211007-132426-2b8f6c5bba,15,mean_absolute_error
86,model_20211007-005453-ab948ab934,15,mean_absolute_error
87,model_20211007-004555-58d90de83e,15,mean_absolute_error
88,model_20211007-004543-cbd7b4da04,15,mean_absolute_error
89,model_20211007-004433-2fa998759c,15,mean_absolute_error
90,model_20211007-004229-4999696586,15,mean_absolute_error
91,model_20211007-004101-85697c3b1f,15,mean_absolute_error
92,model_20211007-004040-f0c65c6928,15,mean_absolute_error
93,model_20211007-003927-985aaf2de9,15,mean_absolute_error
94,model_20211005-170036-b4be65bbb3,15,mean_absolute_error
95,model_20211005-165415-0a9c45f985,15,mean_absolute_error
96,model_20211005-165145-c3f729adfd,15,mean_absolute_error
97,model_20211005-165109-1c0b86e23d,15,mean_absolute_error
98,model_20211005-164010-ac32c86942,15,mean_absolute_error
99,model_20211005-163831-9452955034,15,mean_absolute_error
100,model_20211005-163707-938e2d61be,15,mean_absolute_error
101,model_20211005-163552-64381f3391,15,mean_absolute_error
102,model_20211004-224703-fc77e57f5a,15,mean_absolute_error
103,model_20211004-224502-8932fb8f01,15,mean_absolute_error
104,model_20211004-221754-8459107649,15,mean_absolute_error
105,model_20211004-221029-60911f2403,15,mean_absolute_error
106,model_20211004-215254-1a1277f9cc,15,mean_absolute_error
107,model_20211004-214810-67268c7e5f,15,mean_absolute_error
108,model_20211004-214407-9f5f860531,15,mean_absolute_error
109,model_20211004-214149-31faedcba0,15,mean_absolute_error
110,model_20211004-035620-3842d12fba,15,mean_absolute_error
111,model_20211004-034124-040eba15d6,15,mean_absolute_error
112,model_20211004-033943-c1453b99aa,15,mean_absolute_error
113,model_20211004-033916-e668b0f156,15,mean_absolute_error
114,model_20211004-033817-cc4910fb92,15,mean_absolute_error
115,model_20211004-033514-65a713d983,15,mean_absolute_error
116,model_20211004-033506-04d2836fff,15,mean_absolute_error
117,model_20211004-030312-5501b5b2a0,15,mean_absolute_error
118,model_20211002-163341-88cbbee44e,15,mean_absolute_error
119,model_20211002-163327-fd19c02ad1,15,mean_absolute_error
120,model_20211002-163141-54d43b991a,15,mean_absolute_error
121,model_20211002-162926-6e5ed1e79f,15,mean_absolute_error
122,model_20211002-162751-b93eb8d68b,15,mean_absolute_error
123,model_20211002-162725-e6eca01925,15,mean_absolute_error
124,model_20211002-162715-4729c6468f,15,mean_absolute_error
125,model_20211002-162323-758c10d44a,15,mean_absolute_error
126,model_20211001-230705-9e3ba79b83,15,mean_absolute_error
127,model_20211001-225435-b8e645a27a,15,mean_absolute_error
128,model_20211001-225317-2e4fbec6b8,15,mean_absolute_error
129,model_20211001-224236-d84c05ddd5,15,mean_absolute_error
130,model_20210930-231403-3a4116e40e,15,mean_absolute_error
131,model_20210930-231221-9a518387d9,15,mean_absolute_error
132,model_20210930-230436-4746477fd1,15,mean_absolute_error
133,model_20210930-201615-b8ef0aa333,15,mean_absolute_error
134,model_20210930-195808-31d662741f,15,mean_absolute_error
135,model_20210930-195733-a1464f032a,15,mean_absolute_error
136,model_20210930-195702-4dff6cfc74,20,mean_absolute_error
137,model_20210930-195310-c624ab6108,15,mean_absolute_error
138,model_20210930-195218-544f1851d6,15,mean_absolute_error
139,model_20210930-193034-4277c6ce46,15,mean_absolute_error
140,model_20210930-192524-de145ee3ba,20,mean_absolute_error
141,model_20210930-192508-15be5a76e3,20,mean_absolute_error
142,model_20210930-192456-f865bcbc33,20,mean_absolute_error
143,model_20210930-191759-dc8d4371e7,15,mean_absolute_error
144,model_20210930-190923-13c3e8ec48,15,mean_absolute_error
145,model_20210930-185434-ae7921ecab,15,mean_absolute_error
146,model_20210928-170814-c084f75313,15,mean_absolute_error
147,model_20210928-170214-b1a62ce7d8,15,mean_absolute_error
148,model_20210928-170007-0a18193938,15,mean_absolute_error
149,model_20210928-164529-b4a75238a4,15,mean_absolute_error
150,model_20210928-164319-e85ff58ad6,15,mean_absolute_error
151,model_20210928-163931-405bdcbab9,15,mean_absolute_error
152,model_20210928-163623-1b3f7225fa,15,mean_absolute_error
153,model_20210928-163608-0f93c98f8e,15,mean_absolute_error
154,model_20210927-165701-79bf1eed08,15,mean_absolute_error
155,model_20210927-165632-d188e12d40,15,mean_absolute_error
156,model_20210927-165457-1609ac4a77,15,mean_absolute_error
157,model_20210927-165207-7d7dda080c,15,mean_absolute_error
158,model_20210927-163742-b0841f6dbe,15,mean_absolute_error
159,model_20210927-163606-34e0cb424c,15,mean_absolute_error
160,model_20210927-163513-55f6d728a5,15,mean_absolute_error
161,model_20210927-163134-b58286b88f,15,mean_absolute_error
162,model_20210926-164645-abf62beb86,15,mean_absolute_error
163,model_20210926-164520-1bf5fa0eda,15,mean_absolute_error
164,model_20210926-164029-34428c2c48,15,mean_absolute_error
165,model_20210926-163411-527a144ca0,15,mean_absolute_error
166,model_20210926-162926-2370f3770f,15,mean_absolute_error
167,model_20210926-162602-058700a4f2,15,mean_absolute_error
168,model_20210926-162430-f3abde7f74,15,mean_absolute_error
169,model_20210926-162405-65a80ca966,15,mean_absolute_error
170,model_20210925-164408-3566fb1cd3,15,mean_absolute_error
171,model_20210925-164123-92a2065109,15,mean_absolute_error
172,model_20210925-163542-18c7189ae0,15,mean_absolute_error
173,model_20210925-163404-d54cc8d2b1,15,mean_absolute_error
174,model_20210925-163308-55ca02f0dc,15,mean_absolute_error
175,model_20210925-163021-3a0fb7923e,15,mean_absolute_error
176,model_20210925-163013-d6b4fc0691,15,mean_absolute_error
177,model_20210925-162638-0581144cd0,15,mean_absolute_error
178,model_20210924-164646-5f24a073af,15,mean_absolute_error
179,model_20210924-163553-1be30f1d90,15,mean_absolute_error
180,model_20210924-162945-e587fbc5d1,15,mean_absolute_error
181,model_20210924-162855-fb5eef03e0,15,mean_absolute_error
182,model_20210923-171135-b712d4ccc1,15,mean_absolute_error
183,model_20210923-170229-0c0200a7ee,15,mean_absolute_error
184,model_20210923-164542-5e39f004f3,15,mean_absolute_error
185,model_20210923-163727-dd1d4ce9ff,15,mean_absolute_error
186,model_20210923-163512-0a98393811,15,mean_absolute_error
187,model_20210923-163330-4e347be3f6,15,mean_absolute_error
188,model_20210923-163204-fd13976e44,15,mean_absolute_error
189,model_20210923-163140-200e56fcee,15,mean_absolute_error
190,model_20210922-171739-42918a0408,15,mean_absolute_error
191,model_20210922-171236-283639e6a1,15,mean_absolute_error
192,model_20210922-170448-ed083fcdab,15,mean_absolute_error
193,model_20210922-163449-09daf19e53,15,mean_absolute_error
194,model_20210922-163430-f959ada767,15,mean_absolute_error
195,model_20210922-163418-ab1ece7e5c,15,mean_absolute_error
196,model_20210922-163240-2beaff1a91,15,mean_absolute_error
197,model_20210922-162931-8ef335cbbd,15,mean_absolute_error
198,model_20210922-060950-278ac2347a,15,mean_absolute_error
199,model_20210922-060934-d5f80ea57c,15,mean_absolute_error
200,model_20210922-060329-305ab8720f,15,mean_absolute_error
201,model_20210922-060320-21e499dce2,15,mean_absolute_error
202,model_20210922-055337-2829f53ba7,15,mean_absolute_error
203,model_20210922-054915-851008cda4,15,mean_absolute_error
204,model_20210922-054847-0cee9750ba,15,mean_absolute_error
205,model_20210922-054605-ec1f126c02,15,mean_absolute_error
206,model_20210920-165113-73b712404f,15,mean_absolute_error
207,model_20210920-165051-bbfca33576,15,mean_absolute_error
208,model_20210920-165046-5b7450ff9b,15,mean_absolute_error
209,model_20210920-165029-30944e9a18,15,mean_absolute_error
210,model_20210920-164907-70a00e7cf9,15,mean_absolute_error
211,model_20210920-163807-483ea68a2a,15,mean_absolute_error
212,model_20210920-163534-6503d526fc,15,mean_absolute_error
213,model_20210920-163322-a3bf2d6c62,15,mean_absolute_error
214,model_20210919-164810-ab3005f100,15,mean_absolute_error
215,model_20210919-164526-51f4c80915,15,mean_absolute_error
216,model_20210919-164137-6fd16bd2d6,15,mean_absolute_error
217,model_20210919-164126-44c730ee32,15,mean_absolute_error
218,model_20210919-163618-440528c61a,15,mean_absolute_error
219,model_20210919-163453-7cb80814de,15,mean_absolute_error
220,model_20210919-162954-d11eab6874,15,mean_absolute_error
221,model_20210919-162758-5271be41d6,15,mean_absolute_error
222,model_20210918-165641-77c47331da,15,mean_absolute_error
223,model_20210918-164356-82fea0e5e6,15,mean_absolute_error
224,model_20210918-164313-38dc5713f5,15,mean_absolute_error
225,model_20210918-164238-6f4136cf5c,15,mean_absolute_error
226,model_20210918-164219-77b9c24e6a,15,mean_absolute_error
227,model_20210918-163505-7f4d288d35,15,mean_absolute_error
228,model_20210918-162459-7879b371a8,15,mean_absolute_error
229,model_20210918-162458-30059757e3,15,mean_absolute_error
230,model_20210917-170007-3629c0979e,15,mean_absolute_error
231,model_20210917-165535-465a0be73a,15,mean_absolute_error
232,model_20210917-163358-a83e68aa7c,15,mean_absolute_error
233,model_20210917-163014-3d88c7d068,15,mean_absolute_error
234,model_20210916-165145-69c2fedee8,15,mean_absolute_error
235,model_20210916-164245-b674ed9151,15,mean_absolute_error
236,model_20210916-163354-a2f658e134,15,mean_absolute_error
237,model_20210916-163155-2e692758cc,15,mean_absolute_error
238,model_20210916-163052-1ac116a8cd,15,mean_absolute_error
239,model_20210916-163016-dea3800771,15,mean_absolute_error
240,model_20210916-163006-4ec755bf75,15,mean_absolute_error
241,model_20210916-162741-491b38a470,15,mean_absolute_error
242,model_20210915-165059-824e47af1c,15,mean_absolute_error
243,model_20210915-165053-03fc8d7213,15,mean_absolute_error
244,model_20210915-165042-0a7c3319ff,15,mean_absolute_error
245,model_20210915-165041-3ce1c125cb,15,mean_absolute_error
246,model_20210915-164605-5fedd9bbff,15,mean_absolute_error
247,model_20210915-164547-09f84375aa,15,mean_absolute_error
248,model_20210915-163937-d58b766082,15,mean_absolute_error
249,model_20210915-163437-08b7f269c8,15,mean_absolute_error
250,model_20210914-164303-d8e45b10a8,15,mean_absolute_error
251,model_20210914-164239-d862ac5481,15,mean_absolute_error
252,model_20210914-163638-00a47797b4,15,mean_absolute_error
253,model_20210914-163600-433283c6b3,15,mean_absolute_error
254,model_20210914-163354-9a34553ef2,15,mean_absolute_error
255,model_20210914-163224-66aab241ee,15,mean_absolute_error
256,model_20210914-163140-af8fb5298a,15,mean_absolute_error
257,model_20210914-160614-6080ce6a3a,15,mean_absolute_error
258,model_20210913-165331-39a0e6b59e,15,mean_absolute_error
259,model_20210913-164612-de6129ad7e,15,mean_absolute_error
260,model_20210913-164326-57f9e1d891,15,mean_absolute_error
261,model_20210913-163818-945cf0c2af,15,mean_absolute_error
262,model_20210913-163520-616dd90126,15,mean_absolute_error
263,model_20210913-163426-070f8cc597,15,mean_absolute_error
264,model_20210913-163017-813af57e2d,15,mean_absolute_error
265,model_20210913-163010-ad504c1c18,15,mean_absolute_error
266,model_20210912-164747-c621cb5152,15,mean_absolute_error
267,model_20210912-164303-1e3a4f5653,15,mean_absolute_error
268,model_20210912-164157-ad3bce0a8c,15,mean_absolute_error
269,model_20210912-163214-0d642e7b2d,15,mean_absolute_error
270,model_20210912-162956-566f9b9cfe,15,mean_absolute_error
271,model_20210912-162752-71c540ca6e,15,mean_absolute_error
272,model_20210912-162536-e3555a6fba,15,mean_absolute_error
273,model_20210912-162443-7f0d113a58,15,mean_absolute_error
274,model_20210912-075005-8c6e4f6acd,15,mean_absolute_error
275,model_20210912-074732-fabb0bb6a2,15,mean_absolute_error
276,model_20210912-074538-0114f1ddd0,15,mean_absolute_error
277,model_20210912-074506-5c1681d6a5,15,mean_absolute_error
278,model_20210912-074343-5549f8da2d,15,mean_absolute_error
279,model_20210912-074223-15204fb40f,15,mean_absolute_error
280,model_20210912-073800-26073f8b13,15,mean_absolute_error
281,model_20210912-073708-cf09ea19d2,15,mean_absolute_error
282,model_20210910-164146-86df8cd380,15,mean_absolute_error
283,model_20210910-164045-e66c03fb2e,15,mean_absolute_error
284,model_20210910-163341-d2c2c7d8a4,15,mean_absolute_error
285,model_20210910-162835-bd960bdbb1,15,mean_absolute_error
286,model_20210909-164545-0396a06453,15,mean_absolute_error
287,model_20210909-164208-d64cba58da,15,mean_absolute_error
288,model_20210909-163932-4bf7167e7e,15,mean_absolute_error
289,model_20210909-163436-6a811efa95,15,mean_absolute_error
290,model_20210909-163318-d929050c8e,15,mean_absolute_error
291,model_20210909-163102-9eb7f4a2ff,15,mean_absolute_error
292,model_20210909-161420-b78888f9fb,15,mean_absolute_error
293,model_20210909-161006-1e75b01be9,15,mean_absolute_error
294,model_20210908-195301-ee6160704d,15,mean_absolute_error
295,model_20210908-164820-c025c4e56e,15,mean_absolute_error
296,model_20210908-164348-e5a30a640c,15,mean_absolute_error
297,model_20210908-164306-c73cb3aaf4,15,mean_absolute_error
298,model_20210908-163903-128eb730d2,15,mean_absolute_error
299,model_20210908-163722-fd64519b86,15,mean_absolute_error
300,model_20210908-162802-639ca77960,15,mean_absolute_error
301,model_20210908-162722-d67ed6b5c6,15,mean_absolute_error
302,model_20210907-230541-d50612a789,15,mean_absolute_error
303,model_20210907-230422-d347dd98c0,15,mean_absolute_error
304,model_20210907-230345-d3397d7b93,15,mean_absolute_error
305,model_20210907-225838-56598add47,15,mean_absolute_error
306,model_20210907-225144-48121b1db3,15,mean_absolute_error
307,model_20210907-223442-039e838d44,15,mean_absolute_error
308,model_20210907-222643-8b9273ccaa,15,mean_absolute_error
309,model_20210907-221233-cbea0563f7,15,mean_absolute_error
310,model_20210906-200532-95568efa06,15,mean_absolute_error
311,model_20210906-194347-a50afa1bf2,15,mean_absolute_error
312,model_20210906-192534-be91feae0a,15,mean_absolute_error
313,model_20210906-190308-7eccfdfe13,15,mean_absolute_error
314,model_20210906-182718-6c3806a62f,15,mean_absolute_error
315,model_20210906-170101-d11e18c1de,15,mean_absolute_error
316,model_20210906-162443-ba22e4f7de,15,mean_absolute_error
317,model_20210906-162056-f33223ccae,15,mean_absolute_error
318,model_20210906-130254-4267bffc3d,15,mean_absolute_error
319,model_20210906-110911-2575b6cbde,15,mean_absolute_error
320,model_20210906-105221-1200dc0f72,15,mean_absolute_error
321,model_20210906-104938-b68d7461d3,15,mean_absolute_error
322,model_20210906-104829-3eff05c051,15,mean_absolute_error
323,model_20210906-104535-7d6e023ba1,15,mean_absolute_error
324,model_20210906-104307-24f66de79f,15,mean_absolute_error
325,model_20210906-104137-76b68cd3f6,15,mean_absolute_error
326,model_20210906-073809-afddc44e60,15,mean_absolute_error
327,model_20210906-073427-e7ae359aed,15,mean_absolute_error
328,model_20210906-073021-466b3123d4,15,mean_absolute_error
329,model_20210906-072634-11de7ef622,15,mean_absolute_error
330,model_20210906-071337-f82f313068,15,mean_absolute_error
331,model_20210906-070049-126e852d83,15,mean_absolute_error
332,model_20210906-065705-0c62c1f14f,15,mean_absolute_error
333,model_20210906-064834-1f0d8f5031,15,mean_absolute_error
334,model_20210903-164902-41873099d4,15,mean_absolute_error
335,model_20210903-164420-46493a402c,15,mean_absolute_error
336,model_20210903-163126-e598bcaa98,15,mean_absolute_error
337,model_20210903-162652-22ba6aefe8,15,mean_absolute_error
338,model_20210903-133625-0ec56405c7,15,mean_absolute_error
339,model_20210903-130724-15e355783a,15,mean_absolute_error
340,model_20210903-130327-6277cad564,15,mean_absolute_error
341,model_20210903-130312-a567fc78e4,15,mean_absolute_error
342,model_20210903-125809-a617a16b98,15,mean_absolute_error
343,model_20210903-125529-26ff2d2fe1,15,mean_absolute_error
344,model_20210903-125112-f38a6c2e4b,15,mean_absolute_error
345,model_20210903-125043-790e9220f2,15,mean_absolute_error
346,model_20210902-173540-a11697fde0,15,mean_absolute_error
347,model_20210902-173538-2eaff3dc15,15,mean_absolute_error
348,model_20210902-172514-63d6f10954,15,mean_absolute_error
349,model_20210902-172443-dd9f09a53e,15,mean_absolute_error
350,model_20210902-172402-17168da802,15,mean_absolute_error
351,model_20210901-200440-0917792135,15,mean_absolute_error
352,model_20210901-164859-bcd39010ef,15,mean_absolute_error
353,model_20210901-164842-db1f2ed2ef,15,mean_absolute_error
354,model_20210901-164606-7401531204,15,mean_absolute_error
355,model_20210901-162916-3b0c844490,15,mean_absolute_error
356,model_20210901-162758-dab0beef8b,15,mean_absolute_error
357,model_20210901-162753-2710ede160,15,mean_absolute_error
358,model_20210901-162748-7b6e8cadad,15,mean_absolute_error
359,model_20210901-162626-71f420ff75,15,mean_absolute_error
360,model_20210901-003347-77ebf1f99b,15,mean_absolute_error
361,model_20210831-214334-5eae9192bb,15,mean_absolute_error
362,model_20210831-212011-415e5e38ae,15,mean_absolute_error
363,model_20210831-210342-ab0d9b7a1a,15,mean_absolute_error
364,model_20210831-204517-eb44c7df52,15,mean_absolute_error
365,model_20210831-192451-aee5e06e0b,15,mean_absolute_error
366,model_20210831-191406-3128dcae0d,15,mean_absolute_error
367,model_20210831-181918-2435e1ddc6,15,mean_absolute_error
368,model_20210831-175622-0d4ab1d08f,15,mean_absolute_error
369,model_20210831-173946-0e0782d650,15,mean_absolute_error
370,model_20210831-173253-f5bc7fe96d,15,mean_absolute_error
371,model_20210831-172427-3787cfd6a7,15,mean_absolute_error
372,model_20210831-172326-44911231b7,15,mean_absolute_error
373,model_20210831-110248-9b649b5772,15,mean_absolute_error
374,model_20210831-080131-e7573061e4,15,mean_absolute_error
375,model_20210831-074422-8a0c5b3942,15,mean_absolute_error
376,model_20210831-074232-a95b1af59f,15,mean_absolute_error
377,model_20210831-070324-c1169d672c,15,mean_absolute_error
378,model_20210831-070044-4366548518,15,mean_absolute_error
379,model_20210831-061327-fd99807ed6,15,mean_absolute_error
380,model_20210831-060120-6b4a901226,15,mean_absolute_error
381,model_20210831-053244-91247caa0b,15,mean_absolute_error
382,model_20210831-051156-c4827a3719,15,mean_absolute_error
383,model_20210831-034628-45c855e149,15,mean_absolute_error
384,model_20210831-034113-bd5270866b,15,mean_absolute_error
385,model_20210831-032712-4aa6c9ff8d,15,mean_absolute_error
386,model_20210831-031400-ce8fd4506f,15,mean_absolute_error
387,model_20210831-024450-3574f42c3a,15,mean_absolute_error
388,model_20210831-022549-7b24e5e8ce,15,mean_absolute_error
389,model_20210831-022422-c3fdb69ccf,15,mean_absolute_error
390,model_20210831-015547-8e692d6aa8,15,mean_absolute_error
391,model_20210831-010104-768ed0f513,15,mean_absolute_error
392,model_20210831-005315-06a7b5836f,15,mean_absolute_error
393,model_20210831-001023-e23de6f345,15,mean_absolute_error
394,model_20210830-235540-afc252506d,15,mean_absolute_error
395,model_20210830-233105-14ac4e39d4,15,mean_absolute_error
396,model_20210830-232254-e739699bb1,15,mean_absolute_error
397,model_20210830-230403-523c183a0a,15,mean_absolute_error
398,model_20210830-230336-f40c0e03e1,15,mean_absolute_error
399,model_20210830-230312-82a5633fb6,15,mean_absolute_error
400,model_20210830-225624-e44c912f63,15,mean_absolute_error
401,model_20210830-224502-725443d762,15,mean_absolute_error
402,model_20210830-210457-610cbd8795,15,mean_absolute_error
403,model_20210830-195302-24cb5d3ecb,15,mean_absolute_error
404,model_20210830-195206-742d3b7f63,15,mean_absolute_error
405,model_20210830-195203-9e19445f69,15,mean_absolute_error
406,model_20210830-195006-a55b44fd72,15,mean_absolute_error
407,model_20210830-194451-96a29647f4,15,mean_absolute_error
408,model_20210830-194222-ea112b6b2a,15,mean_absolute_error
409,model_20210830-193526-9a4482e89a,15,mean_absolute_error
410,model_20210830-193415-2af06f8014,15,mean_absolute_error
411,model_20210830-193249-2ce1ffe3d3,15,mean_absolute_error
412,model_20210830-193227-ed802c76fd,15,mean_absolute_error
413,model_20210830-180411-ab13d22d6e,15,mean_absolute_error
414,model_20210828-012655-bfac00583d,15,mean_absolute_error
415,model_20210828-011840-256f9a0566,15,mean_absolute_error
416,model_20210828-001742-5fab16cb12,15,mean_absolute_error
417,model_20210828-000901-65c3644865,15,mean_absolute_error
418,model_20210827-235312-f567dd2447,15,mean_absolute_error
419,model_20210827-234854-6495b2976c,15,mean_absolute_error
420,model_20210827-232210-9e255691a9,15,mean_absolute_error
421,model_20210827-231256-9997ea5c73,15,mean_absolute_error
422,model_20210827-222941-8de4fa6368,15,mean_absolute_error
423,model_20210827-203516-47591d46ce,15,mean_absolute_error
424,model_20210827-200405-e586ff420f,15,mean_absolute_error
425,model_20210827-200340-db0f6abbb4,15,mean_absolute_error
426,model_20210827-200212-f35b2e1150,15,mean_absolute_error
427,model_20210827-195940-89a93d1e2e,15,mean_absolute_error
428,model_20210821-223905-4391df75a3,15,mean_absolute_error
429,model_20210821-223843-9d2dd217e8,15,mean_absolute_error
430,model_20210821-223811-918c8cf88f,15,mean_absolute_error
431,model_20210821-223629-0c550d2fb0,15,mean_absolute_error
432,model_20210821-223620-15825e3f8f,15,mean_absolute_error
433,model_20210821-223557-48fec74b91,15,mean_absolute_error
434,model_20210821-223503-dc59672888,15,mean_absolute_error
435,model_20210821-223441-d651b148ef,15,mean_absolute_error
436,model_20210821-195926-e30a58aef1,15,mean_absolute_error
437,model_20210821-195647-e2df84f0af,15,mean_absolute_error
438,model_20210821-195525-6a219fabc6,15,mean_absolute_error
439,model_20210821-195335-a8bf402e3f,15,mean_absolute_error
440,model_20210819-193939-d2b2e6599a,15,mean_absolute_error
441,model_20210819-193915-99c8d97522,15,mean_absolute_error
442,model_20210819-193838-2e262ba474,15,mean_absolute_error
443,model_20210819-193805-806aeea0f3,15,mean_absolute_error
444,model_20210819-193747-c6324129bc,15,mean_absolute_error
445,model_20210819-193538-ece0c34884,15,mean_absolute_error
446,model_20210819-193536-0a425949da,15,mean_absolute_error
447,model_20210819-193437-041a6601b7,15,mean_absolute_error
448,model_20210818-170035-bdafa13736,15,mean_absolute_error
449,model_20210818-165615-847ae535d1,15,mean_absolute_error
450,model_20210818-164819-bd87728d92,15,mean_absolute_error
451,model_20210818-164803-cb63f1ec19,15,mean_absolute_error
452,model_20210818-164220-420bcfb538,15,mean_absolute_error
453,model_20210818-164208-018882c00b,15,mean_absolute_error
454,model_20210818-163342-3417357d34,15,mean_absolute_error
455,model_20210818-162932-69aac0c98f,15,mean_absolute_error
456,model_20210817-165237-4d95f9e4f0,15,mean_absolute_error
457,model_20210817-164902-8634dc6dfa,15,mean_absolute_error
458,model_20210817-163721-1093ddda7e,15,mean_absolute_error
459,model_20210817-163240-84de0cc680,15,mean_absolute_error
460,model_20210817-163153-726583ac1a,15,mean_absolute_error
461,model_20210817-163021-e66b15109f,15,mean_absolute_error
462,model_20210817-162938-95f115a6ca,15,mean_absolute_error
463,model_20210817-162856-688cf71fc6,15,mean_absolute_error
464,model_20210817-030414-1083eb7aac,15,mean_absolute_error
465,model_20210816-170103-c8cdf8aa1a,15,mean_absolute_error
466,model_20210816-165852-0c9037f9d2,15,mean_absolute_error
467,model_20210816-163838-1783542781,15,mean_absolute_error
468,model_20210816-163737-c244efdfc2,15,mean_absolute_error
469,model_20210816-163706-bc2900ba19,15,mean_absolute_error
470,model_20210816-163246-dd83cc58dd,15,mean_absolute_error
471,model_20210816-163018-2cff85b687,15,mean_absolute_error
472,model_20210816-162824-8eb52cacf2,15,mean_absolute_error
473,model_20210816-103745-c29e592970,15,mean_absolute_error
474,model_20210816-100027-ac24ecfcc6,15,mean_absolute_error
475,model_20210816-094722-afd01bc4fb,15,mean_absolute_error
476,model_20210816-094644-7bfd38af85,15,mean_absolute_error
477,model_20210816-094642-5a31fce3a4,15,mean_absolute_error
478,model_20210816-094601-e7ae6d0c5f,15,mean_absolute_error
479,model_20210816-094513-f85b1db7b0,15,mean_absolute_error
480,model_20210816-094418-72aec94e18,15,mean_absolute_error
481,model_20210816-062021-f7b252b637,15,mean_absolute_error
482,model_20210816-061439-8c5c8c489a,15,mean_absolute_error
483,model_20210816-061055-641fae8d1b,15,mean_absolute_error
484,model_20210816-060937-f5038c9169,15,mean_absolute_error
485,model_20210816-060919-2e81ca1533,15,mean_absolute_error
486,model_20210816-060856-0f083a93d2,15,mean_absolute_error
487,model_20210816-060645-a1244da7aa,15,mean_absolute_error
488,model_20210816-060500-6eea371e3d,15,mean_absolute_error
489,model_20210813-163104-eec711cfe2,15,mean_absolute_error
490,model_20210813-162929-ec2ef30521,15,mean_absolute_error
491,model_20210813-162923-c92a592c53,15,mean_absolute_error
492,model_20210813-162538-dc2958a296,15,mean_absolute_error
493,model_20210812-220313-5d1b7c45fd,15,mean_absolute_error
494,model_20210812-215203-9930b69b4c,15,mean_absolute_error
495,model_20210812-215118-31c435f7e5,15,mean_absolute_error
496,model_20210812-214507-bbfa33e680,15,mean_absolute_error
497,model_20210812-214315-ac9023904f,15,mean_absolute_error
498,model_20210812-214155-11ff6c369e,15,mean_absolute_error
499,model_20210812-214131-5b3cf948c6,15,mean_absolute_error
500,model_20210812-213541-fca9797c32,15,mean_absolute_error
